{"cameraMode":{"drawMode":0,"name":"Shaded","section":"Shading Mode"},"sceneLighting":true,"audioPlay":false,"sceneViewState":{"showFog":true,"showMaterialUpdate":false,"showSkybox":true,"showFlares":true,"showImageEffects":true,"showParticleSystems":true},"in2DMode":false,"pivot":{"x":-1.5927906036376954,"y":85.0233154296875,"z":-13.919562339782715},"rotation":{"x":0.6634342074394226,"y":-0.001122427056543529,"z":0.0009950289968401194,"w":0.7482351660728455},"size":3.462728977203369,"orthographic":false}